{"COUNTER":8,"ORDERS":{"O1":{"address":"Kiệt 1, đường 2, Phường 3, Quận Thủ Đức, TP Hồ Chí Minh","buyerUsername":"ngohuub","date":[2,12,2021],"isInEvent":false,"isRated":false,"note":"Nhà thứ 2 tính từ đầu kiệt","originalCost":600000,"payWithWallet":true,"productID":"P10","quantity":1,"saleCost":600000,"sellerUsername":"dqhuy","status":true},"O2":{"address":"Kiệt 11, đường 21, Phường 7, Quận Bình Thạnh, TP Hồ Chí Minh","buyerUsername":"ngohuub","date":[10,12,2021],"isInEvent":false,"isRated":false,"note":"","originalCost":900000,"payWithWallet":true,"productID":"P23","quantity":1,"saleCost":900000,"sellerUsername":"htvu","status":false},"O3":{"address":"Kiệt 3, đường 4, Phường 5, Quận Đống Đa, Hà Nội","buyerUsername":"nguyenvana","date":[15,12,2021],"isInEvent":false,"isRated":false,"note":"Giao vào giờ hành chính nha shop :3","originalCost":1150000,"payWithWallet":true,"productID":"P11","quantity":1,"saleCost":1150000,"sellerUsername":"ntan","status":true},"O4":{"address":"Số 69, đường 1, Phường 2, Quận Hải Châu, Đà Nẵng","buyerUsername":"tranvanc","date":[7,12,2021],"isInEvent":false,"isRated":false,"note":"Hóng cây về ạaaaaaa","originalCost":330000,"payWithWallet":true,"productID":"P31","quantity":2,"saleCost":330000,"sellerUsername":"htvu","status":false},"O5":{"address":"Số 69, đường 1, Phường 2, Quận Hải Châu, Đà Nẵng","buyerUsername":"tranvanc","date":[17,12,2021],"isInEvent":false,"isRated":false,"note":"","originalCost":1000000,"payWithWallet":true,"productID":"P15","quantity":1,"saleCost":1000000,"sellerUsername":"dqhuy","status":false},"O6":{"address":"Kiệt 3, đường 4, Phường 5, Quận Đống Đa, Hà Nội","buyerUsername":"nguyenvana","date":[17,12,2021],"isInEvent":false,"isRated":false,"note":"Giao vào giờ hành chính nha shop :3","originalCost":470000,"payWithWallet":true,"productID":"P4","quantity":1,"saleCost":470000,"sellerUsername":"htvu","status":false},"O7":{"address":"Kiệt 1, đường 2, Phường 3, Quận Thủ Đức, TP Hồ Chí Minh","buyerUsername":"ngohuub","date":[16,12,2021],"isInEvent":false,"isRated":false,"note":"Nhà thứ 2 tính từ đầu kiệt","originalCost":4600000,"payWithWallet":true,"productID":"P7","quantity":1,"saleCost":4600000,"sellerUsername":"ntan","status":false},"O8":{"address":"Kiệt 3, đường 4, Phường 5, Quận Đống Đa, Hà Nội","buyerUsername":"nguyenvana","date":[18,12,2021],"isInEvent":false,"isRated":false,"note":"Nhà thứ 2 tính từ đầu kiệt","originalCost":730000,"payWithWallet":true,"productID":"P24","quantity":1,"saleCost":730000,"sellerUsername":"ntan","status":false}}}