{"CATEGORIES":{"birthday":["P2","P1","P5","P8","P3","P7","P10","P6","P9","P4"],"congrats":["P19","P20","P11","P18","P17","P16","P13","P12","P15","P14"],"love":["P30","P23","P28","P22","P24","P25","P26","P27","P29","P21"],"office":["P39","P34","P32","P31","P40","P33","P35","P37","P36","P38"],"sad":["P49","P47","P46","P48","P50","P41","P43","P42","P44","P45"]},"COUNTER":50,"INFOS":{"P1":{"category":1,"description":"Sự kết hợp tuyệt đẹp giữa những bông hoa trắng và hồng bao gồm hoa hồng, hoa cẩm tú cầu, địa lan và hoa lisianthus, sự sắp xếp ngọt ngào này là hoàn hảo cho một món quà hoặc dịp sang trọng.","discounts":[[10.0,0],[10.0,1]],"imageDir":":/images/products/birthday/birthday1.jpg","name":"Ngọt Ngào","originalPrice":920000,"ratings":[1,3,3,7,4],"salePrice":828000,"sellerUsername":"dqhuy","sold":19,"stock":22},"P10":{"category":1,"description":"Bó hoa này tỏa ra sự ấm áp trong những bông hoa tone vàng như hoa hồng cam, hoa cẩm chướng hồng đào.","discounts":[[10.0,0]],"imageDir":":/images/products/birthday/birthday10.jpg","name":"Ánh Bình Minh","originalPrice":600000,"ratings":[1,2,6,1,2],"salePrice":540000,"sellerUsername":"dqhuy","sold":12,"stock":21},"P11":{"category":3,"description":"Kệ hoa chúc mừng Hưng Thịnh gồm có hoa hồng, đồng tiền và hoa hồng môn. Được xem là màu may mắn nhất, màu đỏ rất thích hợp cho hỷ sự, lễ hội. Nó còn tượng trưng cho năng lượng Hỏa và sức mạnh... Kệ hoa chúc mừng được chúng tôi đầu tư một cách nghiêm túc vì chúng tôi luôn hiểu rằng đó là uy tín của khách hàng, của cả một doanh nghiệp. Vì vậy, chúng tôi luôn nhận được sự tin tưởng từ khách hàng, đặc biệt là các doanh nghiệp tin yêu và đặt thiết kế hoa chúc mừng phục vụ các dịp khai trương, khánh thành, tổ chức sự kiện và trong các dịp lễ quan trọng khác.","discounts":[[10.0,0]],"imageDir":":/images/products/congrats/congrats1.jpg","name":"Hưng Thịnh","originalPrice":1150000,"ratings":[4,1,5,6,3],"salePrice":1035000,"sellerUsername":"ntan","sold":18,"stock":17},"P12":{"category":3,"description":"Trong phong thủy màu vàng rất thích hợp cho hỷ sự, lễ hội. Nó còn tượng trưng cho năng lượng Hỏa và sức mạnh... Kệ hoa chúc mừng được các florist đầu tư một cách nghiêm túc vì chúng tôi luôn hiểu rằng đó là uy tín của khách hàng, của cả một doanh nghiệp. Chúng tôi luôn nhận được sự yêu quý từ khách hàng, đặc biệt là các doanh nghiệp tin yêu và đặt thiết kế hoa chúc mừng phục vụ các dịp khai trương, khánh thành, tổ chức sự kiện và trong các dịp lễ quan trọng khác.","discounts":[[10.0,0]],"imageDir":":/images/products/congrats/congrats2.png","name":"Tất Thắng","originalPrice":1200000,"ratings":[5,6,4,0,2],"salePrice":1080000,"sellerUsername":"ntan","sold":17,"stock":18},"P13":{"category":3,"description":"Kệ hoa chúc mừng Thành Công IV gồm có hoa Hồng, hoa lan và các phụ liệu khác. Đỏ và vàng là hai màu cơ bản rất được ưa dùng khi bài trí theo phong thủy. Được xem là màu may mắn nhất, màu đỏ rất thích hợp cho hỷ sự, lễ hội. Nó còn tượng trưng cho năng lượng Hỏa và sức mạnh... Kệ hoa chúc mừng được chúng tôi đầu tư một cách nghiêm túc vì chúng tôi luôn hiểu rằng đó là uy tín của khách hàng, của cả một doanh nghiệp. Vì vậy, chúng tôi luôn nhận được sự tin tưởng từ khách hàng, đặc biệt là các doanh nghiệp tin yêu và đặt thiết kế hoa chúc mừng phục vụ các dịp khai trương, khánh thành, tổ chức sự kiện và trong các dịp lễ quan trọng khác.","discounts":[[10.0,0]],"imageDir":":/images/products/congrats/congrats3.jpg","name":"Thành Công","originalPrice":2000000,"ratings":[0,0,5,4,6],"salePrice":1800000,"sellerUsername":"ntan","sold":15,"stock":19},"P14":{"category":3,"description":"Kệ hoa với tone màu hồng hiện đại, trẻ trung thật sự nổi bật so với các kệ hoa truyền thống mang ý nghĩa về một lời chúc tấn tài tấn lộc. Thích hợp tặng trong dịp chúc mừng, khai trương, kỉ niệm.","discounts":[[10.0,0]],"imageDir":":/images/products/congrats/congrats4.jpg","name":"Lộc Phát","originalPrice":1500000,"ratings":[4,0,12,9,4],"salePrice":1350000,"sellerUsername":"ntan","sold":29,"stock":20},"P15":{"category":3,"description":"Kệ hoa với tone màu hồng hiện đại, trẻ trung thật sự nổi bật so với các kệ hoa truyền thống mang ý nghĩa về một lời chúc tấn tài tấn lộc. Thích hợp tặng trong dịp chúc mừng, khai trương, kỉ niệm.","discounts":[[10.0,0]],"imageDir":":/images/products/congrats/congrats5.jpg","name":"Khai Trương Hồng Phát","originalPrice":1000000,"ratings":[0,1,4,6,2],"salePrice":900000,"sellerUsername":"dqhuy","sold":13,"stock":21},"P16":{"category":3,"description":"Kệ hoa với tone màu hồng hiện đại, trẻ trung thật sự nổi bật so với các kệ hoa truyền thống mang ý nghĩa về một lời chúc tấn tài tấn lộc. Thích hợp tặng trong dịp chúc mừng, khai trương, kỉ niệm.","discounts":[[10.0,0]],"imageDir":":/images/products/congrats/congrats6.jpg","name":"Phát Đạt","originalPrice":1500000,"ratings":[1,4,12,4,6],"salePrice":1350000,"sellerUsername":"dqhuy","sold":28,"stock":13},"P17":{"category":3,"description":"Được xem là màu may mắn, màu vàng rất thích hợp cho hỷ sự, lễ hội. Nó còn tượng trưng cho năng lượng Hỏa và sức mạnh... Kệ hoa chúc mừng được chúng tôi đầu tư một cách nghiêm túc vì chúng tôi luôn hiểu rằng đó là uy tín của khách hàng, của cả một doanh nghiệp. Vì vậy, chúng tôi luôn nhận được sự tin tưởng từ khách hàng, đặc biệt là các doanh nghiệp tin yêu và đặt thiết kế hoa chúc mừng phục vụ các dịp khai trương, khánh thành, tổ chức sự kiện và trong các dịp lễ quan trọng khác.","discounts":[[10.0,0]],"imageDir":":/images/products/congrats/congrats7.jpg","name":"Vạn Sự Tốt Đẹp","originalPrice":4600000,"ratings":[0,2,2,0,5],"salePrice":4140000,"sellerUsername":"dqhuy","sold":9,"stock":11},"P18":{"category":3,"description":"“Trong ngày vui trọng đại hôm nay, tôi cầu chúc bạn luôn mạnh mẽ, bước đi những bước thật vững chắc và thành công, vạn sự đều như ý!” Đó chính là ý nghĩa của kệ hoa chúc mừng “Tiến bước thuận lợi”. Kệ hoa phù hợp cho các dịp mừng khai trương, lễ kỷ niệm, lễ khởi công…","discounts":[[10.0,0]],"imageDir":":/images/products/congrats/congrats8.png","name":"Tiến Bước Thuận Lợi","originalPrice":2450000,"ratings":[1,2,7,2,7],"salePrice":2205000,"sellerUsername":"htvu","sold":19,"stock":15},"P19":{"category":3,"description":"Màu vàng nổi trội của hoa ly kết hợp với màu đỏ may mắn của Hồng Môn là mòn quà ý nghĩa nhất để tặng nhau trong dịp lễ khai trương, lễ động thổ và các dịp lễ kỉ niệm của đối tác cũng như bạn bè than hữu. Chúng tôi thiết kế Đại Cát Đại Lợi với ước mong mang đến sự thành công và thành đạt cho quý công ty. Một sản phẩm ý nghĩa và giàu giá trị tinh thần.","discounts":[[10.0,0]],"imageDir":":/images/products/congrats/congrats9.jpg","name":"Đại Cát Đại Lợi","originalPrice":2200000,"ratings":[2,2,1,2,3],"salePrice":1980000,"sellerUsername":"htvu","sold":10,"stock":7},"P2":{"category":1,"description":"Kết hợp hài hòa giữa hoa màu vàng và trắng cao cấp với điểm nhấn màu xanh của lá cây.","discounts":[[10.0,0],[10.0,1]],"imageDir":":/images/products/birthday/birthday2.jpg","name":"Rực rỡ","originalPrice":720000,"ratings":[0,0,12,4,6],"salePrice":648000,"sellerUsername":"dqhuy","sold":22,"stock":15},"P20":{"category":3,"description":"Vạn Sự Như Ý là kệ hoa gồm có hoa ly hồng, hoa lan vũ nữ, hoa lan mokara và các loại hoa phụ khác. Kệ hoa này được thiết kế trang nhã nhưng không kém phần sang trọng, thích hợp cho những dịp tặng nhau ngày khai trương, ngày kỉ niệm thành lập, lễ khởi công và các sự kiện trọng đại khác.","discounts":[[10.0,0]],"imageDir":":/images/products/congrats/congrats10.jpg","name":"Vạn Sự Như Ý","originalPrice":3500000,"ratings":[3,0,4,5,2],"salePrice":3150000,"sellerUsername":"htvu","sold":14,"stock":12},"P21":{"category":0,"description":"Giỏ hoa gam tím chủ đạo cực kì phù hợp gửi tặng những người phụ nữ bạn yêu thương trong các dịp lễ đặc biệt. Mỗi đoá hoa khoe sắc như cách mà bạn gửi gắm tâm tình của mình đến với người nhận. Hãy tạo thêm những kỉ niệm thật đáng nhớ với người bạn yêu quý nhé.","discounts":[[10.0,0]],"imageDir":":/images/products/love/love1.jpg","name":"Ngọt Sắc","originalPrice":1200000,"ratings":[0,0,12,6,9],"salePrice":1080000,"sellerUsername":"htvu","sold":27,"stock":37},"P22":{"category":0,"description":"Là phụ nữ hãy sống như cây như hoa. Dù không ai nhìn ngắm chiêm ngưỡng vẫn luôn xanh tươi và nở rộ. Một nửa thế giới này là phụ nữ vì thế hay luôn yêu quý họ và dành tặng cho họ những điều tuyệt vời nhất bởi vì họ đều là những đoá hoa mỗi ngày tô điểm cho cuộc sống này thêm xinh đẹp hơn...","discounts":[[10.0,0]],"imageDir":":/images/products/love/love2.jpg","name":"You Are Beautiful","originalPrice":1200000,"ratings":[0,0,5,7,3],"salePrice":1080000,"sellerUsername":"htvu","sold":15,"stock":35},"P23":{"category":0,"description":"Giỏ hoa Thanh âm là sự kết hợp chủ đạo của hồng đỏ, cẩm chưởng đỏ, lan moakara đỏ và các hoa lá phụ khác. Mẫu cắm đã tôn vinh lên hết được ý nghĩa tượng trưng của hoa hồng đỏ sẵn có trong tình yêu kiêu sa và rực rỡ và không bao giờ phai nhạt.","discounts":[[10.0,0]],"imageDir":":/images/products/love/love3.jpg","name":"Thanh Âm","originalPrice":900000,"ratings":[0,0,1,5,8],"salePrice":810000,"sellerUsername":"htvu","sold":14,"stock":3},"P24":{"category":0,"description":"Với sắc đỏ cổ điển của hoa hồng kết hợp với gam màu trắng từ hoa mõm sói và calimero trắng đã tạo nên một tổng thể hoà quyện và làm nên vẻ đẹp cho bó hoa này. Bó hoa phù hợp tặng các dịp chúc mừng các sự kiện đặc biệt, sinh nhật...","discounts":[[10.0,0]],"imageDir":":/images/products/love/love4.jpg","name":"Bên Em","originalPrice":730000,"ratings":[0,1,5,3,4],"salePrice":657000,"sellerUsername":"ntan","sold":13,"stock":42},"P25":{"category":0,"description":"Dù Sài Gòn có hàng trăm hàng ngàn con đường nhưng anh luôn có hướng để quay về đó là nơi bình yên, là niềm vui mỗi ngày khi được nhìn thấy em, nấu những món ăn ngon cho em, dành tặng em những cành hoa tươi xinh. Hay những chiều thứ 7 có thời gian anh chở em trên con đường đầy lá thu bay, nhẹ nhàng nhưng ấm áp đến lạ..","discounts":[[10.0,0]],"imageDir":":/images/products/love/love5.jpg","name":"Sweet Heart","originalPrice":660000,"ratings":[0,2,3,6,1],"salePrice":594000,"sellerUsername":"ntan","sold":12,"stock":32},"P26":{"category":0,"description":"Một ngày dạo trên phố, chợt thấy từng khóm hoa trong nắng đung đưa như mời gọi. Lấy ý tưởng từ những bông hoa nắng đó, bó hoa được thiết kế với tông màu cam đào sáng, tươi vui và nhẹ nhàng. Thích hợp tặng sinh nhật, chúc mừng, kỉ niệm, v.v…","discounts":[[10.0,0]],"imageDir":":/images/products/love/love6.png","name":"It's you","originalPrice":1500000,"ratings":[1,1,0,2,6],"salePrice":1350000,"sellerUsername":"ntan","sold":10,"stock":17},"P27":{"category":0,"description":"Cùng với tinh thần lạc quan yêu đời và căng tràn sức sống, sự đan xen của những bông hồng đầy màu sắc trong \"love rossie\" đem đến cho người nhìn cảm giác vui tươi, hân hoan. \"Love rossie\" cũng là thông điệp đơn giản có thể thay bạn gửi đến cho người nhận rằng \"Bạn trẻ trung, năng động và hãy như những đóa hoa này, lạc quan, yêu đời và luôn tràn đầy năng lượng nhé!\".","discounts":[[10.0,0]],"imageDir":":/images/products/love/love7.jpg","name":"Love Roise","originalPrice":1000000,"ratings":[0,5,2,7,2],"salePrice":900000,"sellerUsername":"dqhuy","sold":16,"stock":19},"P28":{"category":0,"description":"Thanh xuân như một tách trà. Quay qua, nhìn lại hết cả thanh xuân. Quả thật, thanh xuân là khoảng thời gian tràn đầy năng lượng và nhiệt huyết của mỗi con người. Đây là món quà vô giá mà cuộc sống ban tặng cho mỗi người chúng ta. Nhưng thanh xuân không ở lại mãi mãi, vậy nên khi còn trẻ hãy sống hết mình, làm những điều mình thích để có một thanh xuân đáng nhớ. Đơn giản nếu thích một ai đó, thì hãy thật mạnh dạn tỏ tình với người ấy nhé, chúng tôi sẽ giúp bạn!","discounts":[[10.0,0]],"imageDir":":/images/products/love/love8.png","name":"Thanh Xuân","originalPrice":1780000,"ratings":[1,2,3,2,3],"salePrice":1602000,"sellerUsername":"dqhuy","sold":11,"stock":3},"P29":{"category":0,"description":"Bó hoa với tông màu vàng chủ đạo đã nêu bật ý nghĩa tượng trưng cho niềm vui và sự khởi đầu hạnh phúc. Bó hoa thích hợp dành tặng cho bạn bè, thầy cô, những người mà bạn trân quý và có ý nghĩa trong cuộc đời.","discounts":[[10.0,0]],"imageDir":":/images/products/love/love9.png","name":"Dành Cho Em","originalPrice":730000,"ratings":[3,2,7,6,7],"salePrice":657000,"sellerUsername":"dqhuy","sold":25,"stock":22},"P3":{"category":1,"description":"Một sự kết hợp tuyệt đẹp đầy đủ và tươi tốt của hoa hồng vườn và hoa cẩm tú cầu, sự sắp xếp này cũng có hoa lisianthus tím nhạt, veronica và astilbe.","discounts":[[10.0,0],[10.0,1]],"imageDir":":/images/products/birthday/birthday3.jpg","name":"Cơn Mưa Tím","originalPrice":590000,"ratings":[0,2,2,0,0],"salePrice":531000,"sellerUsername":"dqhuy","sold":4,"stock":5},"P30":{"category":0,"description":"Ai cũng có tuổi trẻ và những câu chuyện về tuối trẻ của riêng mình. Trong mỗi câu chuyện ấy đều có những hồi ức đẹp kèm theo cả sự nuối tiếc mãi in dấu nơi đáy tim. Lấy cảm hứng từ câu nói trên, các florist đã tạo nên sản phẩm \"Forever young\" để giúp bạn lưu lại những khoảnh khắc tuổi trẻ đầy tươi đẹp đối với người bạn yêu thương.","discounts":[[10.0,0]],"imageDir":":/images/products/love/love10.jpg","name":"Forever Young","originalPrice":550000,"ratings":[0,2,2,4,9],"salePrice":495000,"sellerUsername":"htvu","sold":17,"stock":35},"P31":{"category":2,"description":"Cây Trầu Bà không chỉ bảo vệ sức khỏe nhờ khả năng thanh lọc không khí, cây trầu bà còn đem lại sự thành đạt, may mắn và bình an cho gia chủ. Với nét đẹp sang trọng, cây trầu bà thể hiện sự quyền uy cho gia chủ. Trồng trầu bà trong nhà hoặc nơi làm việc sẽ mang đến nhiều tài lộc và may mắn. Tránh xa những điều xui xèo, thị phi, không may mắn trong cuộc sống hằng ngày. Cây trầu bà phù hợp nhất với người tuổi Ngọ, mệnh Mộc.","discounts":[[10.0,0]],"imageDir":":/images/products/office/office1.jpg","name":"Trầu Bà XM","originalPrice":330000,"ratings":[0,2,7,4,2],"salePrice":297000,"sellerUsername":"htvu","sold":15,"stock":19},"P32":{"category":2,"description":"Bàng Singapore ở Việt Nam còn được gọi là cây Bàng non hoặc cây Bàng vuông. Cây có những tán lá to giúp làm sạch không khí khiến nơi bạn ở hoặc không gian nơi làm việc trở nên trong sạch hơn. Trong phong thủy, những tán lá của cây tượng trưng cho tài lộc dồi dào, mang lại sự giàu sang, phú quý cho gia chủ.","discounts":[[10.0,0]],"imageDir":":/images/products/office/office2.jpg","name":"Bàng Singapore XM","originalPrice":550000,"ratings":[1,1,6,4,1],"salePrice":495000,"sellerUsername":"htvu","sold":13,"stock":23},"P33":{"category":2,"description":"Cây Phú Quý có lá cây màu xanh thẫm, viền bọc quanh lá màu đỏ, thân cây màu hồng. Đúng với tên gọi cây mang đến sự giàu sang, tài lộc và phú quý cho người trồng. Cây Phú Quý rất tốt cho người mệnh Hỏa giúp làm giảm bớt căng thẳng, kiềm lại tính khí nóng nảy, gia tăng thêm vận khí tốt để họ có thể phát triển sự nghiệp ở vị trí cao hơn.","discounts":[[10.0,0]],"imageDir":":/images/products/office/office3.png","name":"TS Phú Quý","originalPrice":210000,"ratings":[0,3,2,9,2],"salePrice":189000,"sellerUsername":"htvu","sold":16,"stock":55},"P34":{"category":2,"description":"Cây Ngọc Ngân hay còn có tên là cây Valentine, trong tình cảm nó được đại diện cho tình yêu, nó sẽ là một món quà ý nghĩa đối với các cặp đôi. Nếu đặt ở văn phòng, bàn làm việc, trong nhà thì Ngọc Ngân sẽ tạo ra một khoảng không xanh mát vừa mang đến sự dễ chịu, tươi mới vửa mang đến sự may mắn và bổng lộc cho gia chủ.","discounts":[[10.0,0]],"imageDir":":/images/products/office/office4.jpg","name":"Ngọc Ngân CPS","originalPrice":1750000,"ratings":[0,1,4,0,6],"salePrice":1575000,"sellerUsername":"ntan","sold":11,"stock":17},"P35":{"category":2,"description":"Cây Bạch Mã Hoàng Tử được trồng trong chậu Composite màu xám ghi mờ. Với tính chất nhẹ, bền cùng với mẫu mã sang trọng của chậu Composite khiến chúng trở thành xu hướng trang trí hiện nay. Ngay từ tên gọi Bạch Mã Hoàng Tử đã toát nên vẻ đẹp đẳng cấp của cây. Cây vươn thẳng mang ý nghĩa như sự vươn lên, thuận lợi trong công việc cũng như cuộc sống gia chủ. Ngoài ra, loài cây này còn được NASA xếp vào 1 trong 10 cây thanh lọc không khí tốt nhất, đem đến một không gian tràn đầy sức sống. Đây là một trong những món quà vô cùng ý nghĩ để tặng trong các dịp lễ như khai trương, tân gia,...","discounts":[[10.0,0]],"imageDir":":/images/products/office/office5.jpg","name":"Bạch Mã Hoàng Tử CP","originalPrice":1900000,"ratings":[0,0,0,0,2],"salePrice":1710000,"sellerUsername":"ntan","sold":2,"stock":10},"P36":{"category":2,"description":"Tiểu cảnh mini với những khu vườn, cỏ cây hoa lá, ngôi nhà và muôn thú,...ngày nay đã trở thành sản phẩm trang trí được yêu chuộng vì điểm nổi bật, thu hút và mang hiều tác dụng tốt cho người trồng. Mỗi chậu tiểu cảnh sẽ mang một ý nghĩa riêng có thể là lời chúc hay thể hiện mục đích nào đó mà người trồng hoặc người tặng muốn truyền đạt.","discounts":[[10.0,0]],"imageDir":":/images/products/office/office6.png","name":"Điều Tuyệt Vời Nhất","originalPrice":350000,"ratings":[1,1,5,6,4],"salePrice":315000,"sellerUsername":"ntan","sold":17,"stock":14},"P37":{"category":2,"description":"Tiểu cảnh mini trong bình thủy tinh với những khung cảnh như trong chuyện cổ tích với khu vườn, cỏ cây hoa lá, ngôi nhà, sông suối và muôn thú,...ngày nay đã trở thành sản phẩm trang trí được yêu chuộng vì điểm nổi bật, thu hút và mang hiều tác dụng tốt cho người trồng. Mỗi chậu tiểu cảnh sẽ mang một ý nghĩa riêng có thể là lời chúc hay thể hiện mục đích nào đó mà người trồng hoặc người tặng muốn truyền đạt.","discounts":[[10.0,0]],"imageDir":":/images/products/office/office7.jpg","name":"Tropical Forest","originalPrice":450000,"ratings":[0,2,2,3,5],"salePrice":405000,"sellerUsername":"ntan","sold":12,"stock":8},"P38":{"category":2,"description":"Trang trí bàng Singapore trong nhà sẽ tạo không khí làm việc hòa thuận, vui vẻ hơn. Trong phong thủy sẽ giúp tài chính của gia chủ ngày càng dồi dào, vững vàng. Ngoài ra, với hinh dáng sang trọng của mình, cây còn giúp tăng thêm vẻ đẹp cho căn phòng và khẳng định cá tính của người trồng.","discounts":[[10.0,0]],"imageDir":":/images/products/office/office8.jpg","name":"Bàng Singapore CPS","originalPrice":1960000,"ratings":[0,0,5,6,2],"salePrice":1764000,"sellerUsername":"dqhuy","sold":12,"stock":25},"P39":{"category":2,"description":"Cây Ngũ Gia Bì không chỉ có vẻ ngoài đẹp mắt mà còn mang đến giá trị phong thủy tuyệt vời, đuổi muỗi hiệu quả. Cây Ngũ Gia Bì có sức sống mạnh mẽ, dễ trồng mà không tốn nhiều thời gian của bạn. Loại cây này còn giúp con đường tài vận của chủ nhân phát triển ổn định. Hãy để chậu cây này giúp bạn gửi tấm lòng chân thành nhất mà bạn dành cho mẹ.","discounts":[[10.0,0]],"imageDir":":/images/products/office/office9.png","name":"Mom In My Heart","originalPrice":220000,"ratings":[1,1,1,5,4],"salePrice":198000,"sellerUsername":"dqhuy","sold":12,"stock":29},"P4":{"category":1,"description":"Một bó hoa buộc tay hiện đại có hoa hồng, dianthus xanh, lisianthus và địa lan xanh. Cành của bó hoa được để lộ ra ngoài và bó hoa được quấn bằng một dải ruy băng sa tanh màu hồng.","discounts":[[10.0,0]],"imageDir":":/images/products/birthday/birthday4.jpg","name":"Honeydrew","originalPrice":470000,"ratings":[4,7,0,2,5],"salePrice":423000,"sellerUsername":"htvu","sold":18,"stock":7},"P40":{"category":2,"description":"Cây Lá May Mắn là loại cây mang đến sự may mắn, hạnh phúc, thành công và thăng tiến cho gia chủ. Trồng cây cẩm nhung trong phòng giúp cho không gian sống của bạn trở nên sinh động và thoáng mát tạo sự thư giãn, thoải mái. Vì vậy, dùng chậu cây Strong Woman làm quà tặng cũng là món quà vô cùng ý nghĩa đến bạn bè, người thân.","discounts":[[10.0,0]],"imageDir":":/images/products/office/office10.png","name":"Strong Woman","originalPrice":180000,"ratings":[0,0,6,2,4],"salePrice":162000,"sellerUsername":"dqhuy","sold":12,"stock":27},"P41":{"category":4,"description":"Chuyện nhân gian vui buồn đều có. Kiếp nhân sinh như gió thoáng qua. Sinh ra trong một kiếp con người. Sớm ở tối về là lẽ thường thôi…Với vòng hoa chia buồn này chúng tôi sẽ thay mặt bạn đưa tiễn họ và chia sẻ sự mất mát cùng gia đình họ.","discounts":[[10.0,0]],"imageDir":":/images/products/sad/sad1.png","name":"Deep Condolences","originalPrice":850000,"ratings":[0,2,2,5,1],"salePrice":765000,"sellerUsername":"dqhuy","sold":10,"stock":31},"P42":{"category":4,"description":"Người đã xa khuất chắc chắn sẽ để lại trong trái tim những người ở lại những hồi ức tươi đẹp nhất. Khi họ ra đi, hãy gửi tặng họ những bông hoa xinh đẹp, rực rỡ, để ở thế giới bên kia đó cũng chính là kí ức tươi đẹp nhất của riêng họ. Kệ hoa tông vàng phù hợp gửi tặng những buổi tang lễ là những người lớn tuổi đã có gia đình theo phong tục ở phía Bắc nước ta.","discounts":[[10.0,0]],"imageDir":":/images/products/sad/sad2.png","name":"Kí Ức Xưa","originalPrice":1050000,"ratings":[0,2,3,2,1],"salePrice":945000,"sellerUsername":"dqhuy","sold":8,"stock":27},"P43":{"category":4,"description":"Thánh Kính Phân Ưu gồm có hoa Cúc Trắng, môn xanh, rất thích hợp để tặng chia buồn.","discounts":[[10.0,0]],"imageDir":":/images/products/sad/sad3.jpg","name":"Thành Kính Phân Ưu","originalPrice":750000,"ratings":[1,1,2,3,5],"salePrice":675000,"sellerUsername":"dqhuy","sold":12,"stock":25},"P44":{"category":4,"description":"Trong cuộc sống chúng ta mất bất cứ thứ gì chúng ta cũng có thể có lại được , nhưng khi chúng ta mất vĩnh viễn một người thân hay một người bạn chúng ta không bao giờ tìm lại được. Với vòng hoa chia buồn Vĩnh biệt sẽ thay mặt bạn đưa tiễn họ và chia sẻ cùng gia đình họ.","discounts":[[10.0,0]],"imageDir":":/images/products/sad/sad4.jpg","name":"Vĩnh Biệt","originalPrice":1200000,"ratings":[2,0,0,5,6],"salePrice":1080000,"sellerUsername":"ntan","sold":13,"stock":22},"P45":{"category":4,"description":"Trong cuộc sống chúng ta mất bất cứ thứ gì chúng ta cũng có thể có lại được , nhưng khi chúng ta mất vĩnh viễn một người thân hay một người bạn chúng ta không bao giờ tìm lại được. Với vòng hoa chia buồn Biệt ly sẽ thay mặt bạn đưa tiễn họ và chia sẻ cùng gia đình họ.","discounts":[[10.0,0]],"imageDir":":/images/products/sad/sad5.jpg","name":"Biệt Ly","originalPrice":2100000,"ratings":[0,1,2,1,4],"salePrice":1890000,"sellerUsername":"ntan","sold":8,"stock":12},"P46":{"category":4,"description":"Trong cuộc sống chúng ta mất bất cứ thứ gì chúng ta cũng có thể có lại được, nhưng khi chúng ta mất vĩnh viễn một người thân hay một người bạn chúng ta không bao giờ tìm lại được. Kệ hoa chia buồn \"Lệ buồn\" được kết từ hoa hồng da, các loại cúc trắng và các phụ liệu khác, chúng tôi sẽ thay mặt bạn đưa tiễn họ và chia sẻ cùng gia đình họ.","discounts":[[10.0,0]],"imageDir":":/images/products/sad/sad6.png","name":"Lệ Buồn","originalPrice":1500000,"ratings":[0,1,0,6,2],"salePrice":1350000,"sellerUsername":"ntan","sold":9,"stock":35},"P47":{"category":4,"description":"Trong cuộc sống chúng ta mất bất cứ thứ gì chúng ta cũng có thể có lại được, nhưng khi chúng ta mất vĩnh viễn một người thân hay một người bạn chúng ta không bao giờ tìm lại được. Kệ hoa chia buồn \"Giọt Lệ Vàng\" được kết từ hoa hồng da, các loại cúc trắng và các phụ liệu khác, chúng tôi sẽ thay mặt bạn đưa tiễn họ và chia sẻ cùng gia đình họ.","discounts":[[10.0,0]],"imageDir":":/images/products/sad/sad7.png","name":"Giọt Lệ Vàng","originalPrice":2300000,"ratings":[1,4,6,2,2],"salePrice":2070000,"sellerUsername":"htvu","sold":15,"stock":14},"P48":{"category":4,"description":"Trong cuộc sống chúng ta mất bất cứ thứ gì chúng ta cũng có thể có lại được, nhưng khi chúng ta mất vĩnh viễn một người thân hay một người bạn chúng ta không bao giờ tìm lại được. Kệ hoa chia buồn \"Lệ buồn\" được kết từ hoa hồng da, các loại cúc trắng và các phụ liệu khác, chúng tôi sẽ thay mặt bạn đưa tiễn họ và chia sẻ cùng gia đình họ.","discounts":[[10.0,0]],"imageDir":":/images/products/sad/sad8.jpg","name":"Kiếp Vô Thường","originalPrice":3300000,"ratings":[0,5,2,4,6],"salePrice":2970000,"sellerUsername":"htvu","sold":17,"stock":11},"P49":{"category":4,"description":"Có sinh ắt có tử đó là quy luật tự nhiên của tạo hóa không ai có thể chống lại được. Vì thế ngày người thân ra đi cũng sẽ đến hãy dành những sự thành kính nhất để họ ra đi được thanh thản không vướng bận. Kệ hoa với tone màu trắng là lời san sẻ và động viên gửi đến gia chủ để vượt qua nỗi đau này.","discounts":[[10.0,0]],"imageDir":":/images/products/sad/sad9.jpg","name":"Ngày Chia Xa","originalPrice":2100000,"ratings":[1,2,4,1,6],"salePrice":1890000,"sellerUsername":"htvu","sold":14,"stock":22},"P5":{"category":1,"description":"Sự sắp xếp ngọt ngào và cổ điển này sẽ khiến bạn hài lòng trên bất kỳ chiếc bàn nào trong nhà. Hương bạch đàn và hoa loa kèn lâu dài sẽ tỏa hương thơm ngào ngạt cho căn phòng của bạn.","discounts":[[10.0,0],[50.0,1],[50.0,1]],"imageDir":":/images/products/birthday/birthday5.jpg","name":"Lily Đáng Yêu","originalPrice":660000,"ratings":[4,2,5,5,2],"salePrice":330000,"sellerUsername":"htvu","sold":18,"stock":7},"P50":{"category":4,"description":"Trong cuộc sống chúng ta mất bất cứ thứ gì chúng ta cũng có thể có lại được , nhưng khi chúng ta mất vĩnh viễn một người thân hay một người bạn chúng ta không bao giờ tìm lại được. Với vòng hoa chia buồn \"Tiếc thương\" chúng tôi sẽ thay mặt bạn đưa tiễn họ và chia sẻ cùng gia đình họ.","discounts":[[10.0,0]],"imageDir":":/images/products/sad/sad10.png","name":"Tiếc Thương","originalPrice":650000,"ratings":[1,0,2,5,7],"salePrice":585000,"sellerUsername":"dqhuy","sold":15,"stock":21},"P6":{"category":1,"description":"Sự sắp xếp Creamsicle trông như một mái vòm thu nhỏ nhờ sự kết hợp giữa các cánh hoa hồng màu cam và màu kem dịu nhẹ. Các cành bạch đàn nhỏ được phô ra ngoài, quấn bởi dải ruy băng màu hồng nhỏ xinh.","discounts":[[10.0,0]],"imageDir":":/images/products/birthday/birthday6.jpg","name":"Creamsicle","originalPrice":1500000,"ratings":[0,1,6,4,1],"salePrice":1350000,"sellerUsername":"htvu","sold":12,"stock":12},"P7":{"category":1,"description":"Cành của bó hoa được để lộ ra ngoài và bó hoa được quấn bằng một dải ruy băng sa tanh.","discounts":[[10.0,0]],"imageDir":":/images/products/birthday/birthday7.jpg","name":"Lan và Hồng","originalPrice":4600000,"ratings":[2,6,5,2,9],"salePrice":4140000,"sellerUsername":"ntan","sold":24,"stock":56},"P8":{"category":1,"description":"Sự sắp xếp kiểu buộc bằng tay cổ điển này được trình bày mà không có bình hoa như một mái vòm nhỏ gọn của một tá hoa hồng đỏ và ruscus. Cành của bó hoa được để lộ ra ngoài và bó hoa được quấn bằng một dải ruy băng sa tanh màu hồng.","discounts":[[10.0,0]],"imageDir":":/images/products/birthday/birthday8.jpg","name":"Đỏ Cổ Điển","originalPrice":1780000,"ratings":[1,2,2,1,1],"salePrice":1602000,"sellerUsername":"ntan","sold":7,"stock":9},"P9":{"category":1,"description":"Thiết kế đơn giản phù hợp cho mọi loại phòng bếp cũng như phòng khách, đem lại vẻ đẹp tự nhiên cho căn phòng.","discounts":[[10.0,0]],"imageDir":":/images/products/birthday/birthday9.jpg","name":"Thistle Spray","originalPrice":1450000,"ratings":[0,2,5,7,6],"salePrice":1305000,"sellerUsername":"htvu","sold":20,"stock":33}},"NAMES":["love","birthday","office","congrats","sad"]}